{"shuffle_0": {"same_but_not_first": 105, "total_first_token_mismatch": 367, "same/total_first_token_mismatch_rate": 0.28610354223433243, "refuse_rate": 0.5169082125603864, "total_refuse": 214, "total": 414, "total_mis": 262, "total_mis_rate": 0.6328502415458938}, "shuffle_1": {"same_but_not_first": 114, "total_first_token_mismatch": 364, "same/total_first_token_mismatch_rate": 0.3131868131868132, "refuse_rate": 0.5169082125603864, "total_refuse": 214, "total": 414, "total_mis": 250, "total_mis_rate": 0.6038647342995169}, "shuffle_2": {"same_but_not_first": 114, "total_first_token_mismatch": 359, "same/total_first_token_mismatch_rate": 0.31754874651810583, "refuse_rate": 0.5144927536231884, "total_refuse": 213, "total": 414, "total_mis": 245, "total_mis_rate": 0.5917874396135265}, "shuffle_3": {"same_but_not_first": 106, "total_first_token_mismatch": 355, "same/total_first_token_mismatch_rate": 0.29859154929577464, "refuse_rate": 0.49516908212560384, "total_refuse": 205, "total": 414, "total_mis": 249, "total_mis_rate": 0.6014492753623188}, "shuffle_4": {"same_but_not_first": 104, "total_first_token_mismatch": 357, "same/total_first_token_mismatch_rate": 0.2913165266106443, "refuse_rate": 0.5120772946859904, "total_refuse": 212, "total": 414, "total_mis": 253, "total_mis_rate": 0.6111111111111112}, "shuffle_5": {"same_but_not_first": 114, "total_first_token_mismatch": 363, "same/total_first_token_mismatch_rate": 0.3140495867768595, "refuse_rate": 0.5120772946859904, "total_refuse": 212, "total": 414, "total_mis": 249, "total_mis_rate": 0.6014492753623188}, "shuffle_6": {"same_but_not_first": 107, "total_first_token_mismatch": 363, "same/total_first_token_mismatch_rate": 0.29476584022038566, "refuse_rate": 0.5265700483091788, "total_refuse": 218, "total": 414, "total_mis": 256, "total_mis_rate": 0.6183574879227053}, "shuffle_7": {"same_but_not_first": 117, "total_first_token_mismatch": 372, "same/total_first_token_mismatch_rate": 0.31451612903225806, "refuse_rate": 0.5241545893719807, "total_refuse": 217, "total": 414, "total_mis": 255, "total_mis_rate": 0.6159420289855072}, "shuffle_8": {"same_but_not_first": 111, "total_first_token_mismatch": 362, "same/total_first_token_mismatch_rate": 0.30662983425414364, "refuse_rate": 0.5144927536231884, "total_refuse": 213, "total": 414, "total_mis": 251, "total_mis_rate": 0.606280193236715}, "shuffle_9": {"same_but_not_first": 113, "total_first_token_mismatch": 360, "same/total_first_token_mismatch_rate": 0.3138888888888889, "refuse_rate": 0.5096618357487923, "total_refuse": 211, "total": 414, "total_mis": 247, "total_mis_rate": 0.5966183574879227}}