{"shuffle_0": {"same_but_not_first": 45, "total_first_token_mismatch": 128, "refuse_rate": 0.18115942028985507, "total_refuse": 75, "total": 414, "total_mis": 85, "total_mis_rate": 0.20531400966183574}, "shuffle_1": {"same_but_not_first": 50, "total_first_token_mismatch": 134, "refuse_rate": 0.178743961352657, "total_refuse": 74, "total": 414, "total_mis": 87, "total_mis_rate": 0.21014492753623187}, "shuffle_2": {"same_but_not_first": 52, "total_first_token_mismatch": 133, "refuse_rate": 0.1642512077294686, "total_refuse": 68, "total": 414, "total_mis": 82, "total_mis_rate": 0.19806763285024154}, "shuffle_3": {"same_but_not_first": 42, "total_first_token_mismatch": 119, "refuse_rate": 0.18357487922705315, "total_refuse": 76, "total": 414, "total_mis": 79, "total_mis_rate": 0.19082125603864733}, "shuffle_4": {"same_but_not_first": 34, "total_first_token_mismatch": 111, "refuse_rate": 0.1497584541062802, "total_refuse": 62, "total": 414, "total_mis": 78, "total_mis_rate": 0.18840579710144928}, "shuffle_5": {"same_but_not_first": 49, "total_first_token_mismatch": 134, "refuse_rate": 0.16666666666666666, "total_refuse": 69, "total": 414, "total_mis": 85, "total_mis_rate": 0.20531400966183574}, "shuffle_6": {"same_but_not_first": 44, "total_first_token_mismatch": 117, "refuse_rate": 0.1642512077294686, "total_refuse": 68, "total": 414, "total_mis": 75, "total_mis_rate": 0.18115942028985507}, "shuffle_7": {"same_but_not_first": 39, "total_first_token_mismatch": 133, "refuse_rate": 0.16908212560386474, "total_refuse": 70, "total": 414, "total_mis": 94, "total_mis_rate": 0.22705314009661837}, "shuffle_8": {"same_but_not_first": 36, "total_first_token_mismatch": 115, "refuse_rate": 0.17632850241545894, "total_refuse": 73, "total": 414, "total_mis": 80, "total_mis_rate": 0.1932367149758454}, "shuffle_9": {"same_but_not_first": 41, "total_first_token_mismatch": 127, "refuse_rate": 0.16666666666666666, "total_refuse": 69, "total": 414, "total_mis": 87, "total_mis_rate": 0.21014492753623187}}