{"shuffle_0": {"same_but_not_first": 99, "total_first_token_mismatch": 306, "refuse_rate": 0.10144927536231885, "total_refuse": 42, "total": 414, "total_mis": 209, "total_mis_rate": 0.5048309178743962}, "shuffle_1": {"same_but_not_first": 90, "total_first_token_mismatch": 301, "refuse_rate": 0.10144927536231885, "total_refuse": 42, "total": 414, "total_mis": 217, "total_mis_rate": 0.5241545893719807}, "shuffle_2": {"same_but_not_first": 96, "total_first_token_mismatch": 300, "refuse_rate": 0.09903381642512077, "total_refuse": 41, "total": 414, "total_mis": 210, "total_mis_rate": 0.5072463768115942}, "shuffle_3": {"same_but_not_first": 85, "total_first_token_mismatch": 294, "refuse_rate": 0.09178743961352658, "total_refuse": 38, "total": 414, "total_mis": 214, "total_mis_rate": 0.5169082125603864}, "shuffle_4": {"same_but_not_first": 98, "total_first_token_mismatch": 299, "refuse_rate": 0.08695652173913043, "total_refuse": 36, "total": 414, "total_mis": 203, "total_mis_rate": 0.49033816425120774}, "shuffle_5": {"same_but_not_first": 79, "total_first_token_mismatch": 310, "refuse_rate": 0.0966183574879227, "total_refuse": 40, "total": 414, "total_mis": 235, "total_mis_rate": 0.5676328502415459}, "shuffle_6": {"same_but_not_first": 101, "total_first_token_mismatch": 298, "refuse_rate": 0.10869565217391304, "total_refuse": 45, "total": 414, "total_mis": 201, "total_mis_rate": 0.4855072463768116}, "shuffle_7": {"same_but_not_first": 91, "total_first_token_mismatch": 299, "refuse_rate": 0.10386473429951691, "total_refuse": 43, "total": 414, "total_mis": 210, "total_mis_rate": 0.5072463768115942}, "shuffle_8": {"same_but_not_first": 89, "total_first_token_mismatch": 290, "refuse_rate": 0.09178743961352658, "total_refuse": 38, "total": 414, "total_mis": 206, "total_mis_rate": 0.4975845410628019}, "shuffle_9": {"same_but_not_first": 89, "total_first_token_mismatch": 302, "refuse_rate": 0.09420289855072464, "total_refuse": 39, "total": 414, "total_mis": 216, "total_mis_rate": 0.5217391304347826}}