{"shuffle_0": {"same_but_not_first": 205, "total_first_token_mismatch": 365, "refuse_rate": 0.12560386473429952, "total_refuse": 52, "total": 414, "total_mis": 160, "total_mis_rate": 0.3864734299516908}, "shuffle_1": {"same_but_not_first": 184, "total_first_token_mismatch": 353, "refuse_rate": 0.13285024154589373, "total_refuse": 55, "total": 414, "total_mis": 169, "total_mis_rate": 0.4082125603864734}, "shuffle_2": {"same_but_not_first": 198, "total_first_token_mismatch": 359, "refuse_rate": 0.11835748792270531, "total_refuse": 49, "total": 414, "total_mis": 161, "total_mis_rate": 0.3888888888888889}, "shuffle_3": {"same_but_not_first": 201, "total_first_token_mismatch": 357, "refuse_rate": 0.12077294685990338, "total_refuse": 50, "total": 414, "total_mis": 156, "total_mis_rate": 0.37681159420289856}, "shuffle_4": {"same_but_not_first": 188, "total_first_token_mismatch": 349, "refuse_rate": 0.12560386473429952, "total_refuse": 52, "total": 414, "total_mis": 161, "total_mis_rate": 0.3888888888888889}, "shuffle_5": {"same_but_not_first": 191, "total_first_token_mismatch": 357, "refuse_rate": 0.14251207729468598, "total_refuse": 59, "total": 414, "total_mis": 166, "total_mis_rate": 0.40096618357487923}, "shuffle_6": {"same_but_not_first": 204, "total_first_token_mismatch": 360, "refuse_rate": 0.13526570048309178, "total_refuse": 56, "total": 414, "total_mis": 156, "total_mis_rate": 0.37681159420289856}, "shuffle_7": {"same_but_not_first": 207, "total_first_token_mismatch": 363, "refuse_rate": 0.1280193236714976, "total_refuse": 53, "total": 414, "total_mis": 156, "total_mis_rate": 0.37681159420289856}, "shuffle_8": {"same_but_not_first": 196, "total_first_token_mismatch": 353, "refuse_rate": 0.13526570048309178, "total_refuse": 56, "total": 414, "total_mis": 157, "total_mis_rate": 0.37922705314009664}, "shuffle_9": {"same_but_not_first": 188, "total_first_token_mismatch": 354, "refuse_rate": 0.14251207729468598, "total_refuse": 59, "total": 414, "total_mis": 166, "total_mis_rate": 0.40096618357487923}}