{"shuffle_0": {"same_but_not_first": 127, "total_first_token_mismatch": 414, "refuse_rate": 0.46618357487922707, "total_refuse": 193, "total": 414, "total_mis": 287, "total_mis_rate": 0.6932367149758454}, "shuffle_1": {"same_but_not_first": 140, "total_first_token_mismatch": 414, "refuse_rate": 0.45893719806763283, "total_refuse": 190, "total": 414, "total_mis": 274, "total_mis_rate": 0.6618357487922706}, "shuffle_2": {"same_but_not_first": 137, "total_first_token_mismatch": 414, "refuse_rate": 0.463768115942029, "total_refuse": 192, "total": 414, "total_mis": 277, "total_mis_rate": 0.6690821256038647}, "shuffle_3": {"same_but_not_first": 145, "total_first_token_mismatch": 414, "refuse_rate": 0.45893719806763283, "total_refuse": 190, "total": 414, "total_mis": 269, "total_mis_rate": 0.6497584541062802}, "shuffle_4": {"same_but_not_first": 142, "total_first_token_mismatch": 414, "refuse_rate": 0.47101449275362317, "total_refuse": 195, "total": 414, "total_mis": 272, "total_mis_rate": 0.6570048309178744}, "shuffle_5": {"same_but_not_first": 144, "total_first_token_mismatch": 414, "refuse_rate": 0.463768115942029, "total_refuse": 192, "total": 414, "total_mis": 270, "total_mis_rate": 0.6521739130434783}, "shuffle_6": {"same_but_not_first": 141, "total_first_token_mismatch": 414, "refuse_rate": 0.45893719806763283, "total_refuse": 190, "total": 414, "total_mis": 273, "total_mis_rate": 0.6594202898550725}, "shuffle_7": {"same_but_not_first": 132, "total_first_token_mismatch": 414, "refuse_rate": 0.45652173913043476, "total_refuse": 189, "total": 414, "total_mis": 282, "total_mis_rate": 0.6811594202898551}, "shuffle_8": {"same_but_not_first": 155, "total_first_token_mismatch": 414, "refuse_rate": 0.47101449275362317, "total_refuse": 195, "total": 414, "total_mis": 259, "total_mis_rate": 0.6256038647342995}, "shuffle_9": {"same_but_not_first": 137, "total_first_token_mismatch": 414, "refuse_rate": 0.463768115942029, "total_refuse": 192, "total": 414, "total_mis": 277, "total_mis_rate": 0.6690821256038647}}