{"shuffle_0": {"same_but_not_first": 225, "total_first_token_mismatch": 414, "same/total_first_token_mismatch_rate": 0.5434782608695652, "refuse_rate": 0.2608695652173913, "total_refuse": 108, "total": 414, "total_mis": 189, "total_mis_rate": 0.45652173913043476}, "shuffle_1": {"same_but_not_first": 237, "total_first_token_mismatch": 414, "same/total_first_token_mismatch_rate": 0.572463768115942, "refuse_rate": 0.26811594202898553, "total_refuse": 111, "total": 414, "total_mis": 177, "total_mis_rate": 0.427536231884058}, "shuffle_2": {"same_but_not_first": 227, "total_first_token_mismatch": 414, "same/total_first_token_mismatch_rate": 0.5483091787439613, "refuse_rate": 0.26811594202898553, "total_refuse": 111, "total": 414, "total_mis": 187, "total_mis_rate": 0.45169082125603865}, "shuffle_3": {"same_but_not_first": 231, "total_first_token_mismatch": 414, "same/total_first_token_mismatch_rate": 0.5579710144927537, "refuse_rate": 0.27053140096618356, "total_refuse": 112, "total": 414, "total_mis": 183, "total_mis_rate": 0.4420289855072464}, "shuffle_4": {"same_but_not_first": 223, "total_first_token_mismatch": 414, "same/total_first_token_mismatch_rate": 0.538647342995169, "refuse_rate": 0.27294685990338163, "total_refuse": 113, "total": 414, "total_mis": 191, "total_mis_rate": 0.4613526570048309}, "shuffle_5": {"same_but_not_first": 243, "total_first_token_mismatch": 414, "same/total_first_token_mismatch_rate": 0.5869565217391305, "refuse_rate": 0.2560386473429952, "total_refuse": 106, "total": 414, "total_mis": 171, "total_mis_rate": 0.41304347826086957}, "shuffle_6": {"same_but_not_first": 239, "total_first_token_mismatch": 414, "same/total_first_token_mismatch_rate": 0.5772946859903382, "refuse_rate": 0.2777777777777778, "total_refuse": 115, "total": 414, "total_mis": 175, "total_mis_rate": 0.4227053140096618}, "shuffle_7": {"same_but_not_first": 240, "total_first_token_mismatch": 413, "same/total_first_token_mismatch_rate": 0.5811138014527845, "refuse_rate": 0.26570048309178745, "total_refuse": 110, "total": 414, "total_mis": 173, "total_mis_rate": 0.4178743961352657}, "shuffle_8": {"same_but_not_first": 237, "total_first_token_mismatch": 414, "same/total_first_token_mismatch_rate": 0.572463768115942, "refuse_rate": 0.27053140096618356, "total_refuse": 112, "total": 414, "total_mis": 177, "total_mis_rate": 0.427536231884058}, "shuffle_9": {"same_but_not_first": 224, "total_first_token_mismatch": 413, "same/total_first_token_mismatch_rate": 0.5423728813559322, "refuse_rate": 0.26570048309178745, "total_refuse": 110, "total": 414, "total_mis": 189, "total_mis_rate": 0.45652173913043476}}