{"shuffle_0": {"same_but_not_first": 82, "total_first_token_mismatch": 182, "same/total_first_token_mismatch_rate": 0.45054945054945056, "refuse_rate": 0.16908212560386474, "total_refuse": 70, "total": 414, "total_mis": 104, "total_mis_rate": 0.25120772946859904}, "shuffle_1": {"same_but_not_first": 94, "total_first_token_mismatch": 182, "same/total_first_token_mismatch_rate": 0.5164835164835165, "refuse_rate": 0.13285024154589373, "total_refuse": 55, "total": 414, "total_mis": 92, "total_mis_rate": 0.2222222222222222}, "shuffle_2": {"same_but_not_first": 88, "total_first_token_mismatch": 180, "same/total_first_token_mismatch_rate": 0.4888888888888889, "refuse_rate": 0.15458937198067632, "total_refuse": 64, "total": 414, "total_mis": 100, "total_mis_rate": 0.24154589371980675}, "shuffle_3": {"same_but_not_first": 73, "total_first_token_mismatch": 168, "same/total_first_token_mismatch_rate": 0.43452380952380953, "refuse_rate": 0.13285024154589373, "total_refuse": 55, "total": 414, "total_mis": 101, "total_mis_rate": 0.24396135265700483}, "shuffle_4": {"same_but_not_first": 79, "total_first_token_mismatch": 197, "same/total_first_token_mismatch_rate": 0.4010152284263959, "refuse_rate": 0.17391304347826086, "total_refuse": 72, "total": 414, "total_mis": 128, "total_mis_rate": 0.30917874396135264}, "shuffle_5": {"same_but_not_first": 70, "total_first_token_mismatch": 163, "same/total_first_token_mismatch_rate": 0.4294478527607362, "refuse_rate": 0.15458937198067632, "total_refuse": 64, "total": 414, "total_mis": 102, "total_mis_rate": 0.2463768115942029}, "shuffle_6": {"same_but_not_first": 78, "total_first_token_mismatch": 177, "same/total_first_token_mismatch_rate": 0.4406779661016949, "refuse_rate": 0.15217391304347827, "total_refuse": 63, "total": 414, "total_mis": 107, "total_mis_rate": 0.2584541062801932}, "shuffle_7": {"same_but_not_first": 92, "total_first_token_mismatch": 188, "same/total_first_token_mismatch_rate": 0.48936170212765956, "refuse_rate": 0.1497584541062802, "total_refuse": 62, "total": 414, "total_mis": 100, "total_mis_rate": 0.24154589371980675}, "shuffle_8": {"same_but_not_first": 82, "total_first_token_mismatch": 169, "same/total_first_token_mismatch_rate": 0.48520710059171596, "refuse_rate": 0.1642512077294686, "total_refuse": 68, "total": 414, "total_mis": 91, "total_mis_rate": 0.21980676328502416}, "shuffle_9": {"same_but_not_first": 84, "total_first_token_mismatch": 188, "same/total_first_token_mismatch_rate": 0.44680851063829785, "refuse_rate": 0.13768115942028986, "total_refuse": 57, "total": 414, "total_mis": 105, "total_mis_rate": 0.2536231884057971}}