{"shuffle_0": {"same_but_not_first": 93, "total_first_token_mismatch": 173, "refuse_rate": 0.08454106280193237, "total_refuse": 35, "total": 414, "total_mis": 80, "total_mis_rate": 0.1932367149758454}, "shuffle_1": {"same_but_not_first": 103, "total_first_token_mismatch": 185, "refuse_rate": 0.09420289855072464, "total_refuse": 39, "total": 414, "total_mis": 82, "total_mis_rate": 0.19806763285024154}, "shuffle_2": {"same_but_not_first": 82, "total_first_token_mismatch": 165, "refuse_rate": 0.0893719806763285, "total_refuse": 37, "total": 414, "total_mis": 83, "total_mis_rate": 0.20048309178743962}, "shuffle_3": {"same_but_not_first": 82, "total_first_token_mismatch": 170, "refuse_rate": 0.09420289855072464, "total_refuse": 39, "total": 414, "total_mis": 88, "total_mis_rate": 0.21256038647342995}, "shuffle_4": {"same_but_not_first": 90, "total_first_token_mismatch": 158, "refuse_rate": 0.0821256038647343, "total_refuse": 34, "total": 414, "total_mis": 68, "total_mis_rate": 0.1642512077294686}, "shuffle_5": {"same_but_not_first": 73, "total_first_token_mismatch": 156, "refuse_rate": 0.10144927536231885, "total_refuse": 42, "total": 414, "total_mis": 83, "total_mis_rate": 0.20048309178743962}, "shuffle_6": {"same_but_not_first": 92, "total_first_token_mismatch": 178, "refuse_rate": 0.09178743961352658, "total_refuse": 38, "total": 414, "total_mis": 86, "total_mis_rate": 0.20772946859903382}, "shuffle_7": {"same_but_not_first": 87, "total_first_token_mismatch": 163, "refuse_rate": 0.08695652173913043, "total_refuse": 36, "total": 414, "total_mis": 76, "total_mis_rate": 0.18357487922705315}, "shuffle_8": {"same_but_not_first": 90, "total_first_token_mismatch": 171, "refuse_rate": 0.09178743961352658, "total_refuse": 38, "total": 414, "total_mis": 81, "total_mis_rate": 0.1956521739130435}, "shuffle_9": {"same_but_not_first": 84, "total_first_token_mismatch": 157, "refuse_rate": 0.06521739130434782, "total_refuse": 27, "total": 414, "total_mis": 73, "total_mis_rate": 0.17632850241545894}}