{"shuffle_0": {"same_but_not_first": 144, "total_first_token_mismatch": 356, "refuse_rate": 0.35507246376811596, "total_refuse": 147, "total": 414, "total_mis": 212, "total_mis_rate": 0.5120772946859904}, "shuffle_1": {"same_but_not_first": 137, "total_first_token_mismatch": 348, "refuse_rate": 0.37681159420289856, "total_refuse": 156, "total": 414, "total_mis": 211, "total_mis_rate": 0.5096618357487923}, "shuffle_2": {"same_but_not_first": 137, "total_first_token_mismatch": 347, "refuse_rate": 0.3526570048309179, "total_refuse": 146, "total": 414, "total_mis": 210, "total_mis_rate": 0.5072463768115942}, "shuffle_3": {"same_but_not_first": 142, "total_first_token_mismatch": 345, "refuse_rate": 0.357487922705314, "total_refuse": 148, "total": 414, "total_mis": 203, "total_mis_rate": 0.49033816425120774}, "shuffle_4": {"same_but_not_first": 136, "total_first_token_mismatch": 347, "refuse_rate": 0.357487922705314, "total_refuse": 148, "total": 414, "total_mis": 211, "total_mis_rate": 0.5096618357487923}, "shuffle_5": {"same_but_not_first": 124, "total_first_token_mismatch": 343, "refuse_rate": 0.34782608695652173, "total_refuse": 144, "total": 414, "total_mis": 219, "total_mis_rate": 0.5289855072463768}, "shuffle_6": {"same_but_not_first": 146, "total_first_token_mismatch": 355, "refuse_rate": 0.35990338164251207, "total_refuse": 149, "total": 414, "total_mis": 209, "total_mis_rate": 0.5048309178743962}, "shuffle_7": {"same_but_not_first": 141, "total_first_token_mismatch": 349, "refuse_rate": 0.357487922705314, "total_refuse": 148, "total": 414, "total_mis": 208, "total_mis_rate": 0.5024154589371981}, "shuffle_8": {"same_but_not_first": 131, "total_first_token_mismatch": 337, "refuse_rate": 0.357487922705314, "total_refuse": 148, "total": 414, "total_mis": 206, "total_mis_rate": 0.4975845410628019}, "shuffle_9": {"same_but_not_first": 140, "total_first_token_mismatch": 347, "refuse_rate": 0.357487922705314, "total_refuse": 148, "total": 414, "total_mis": 207, "total_mis_rate": 0.5}}