{"shuffle_0": {"same_but_not_first": 28, "total_first_token_mismatch": 91, "refuse_rate": 0.0821256038647343, "total_refuse": 34, "total": 414, "total_mis": 64, "total_mis_rate": 0.15458937198067632}, "shuffle_1": {"same_but_not_first": 27, "total_first_token_mismatch": 76, "refuse_rate": 0.07971014492753623, "total_refuse": 33, "total": 414, "total_mis": 49, "total_mis_rate": 0.11835748792270531}, "shuffle_2": {"same_but_not_first": 24, "total_first_token_mismatch": 77, "refuse_rate": 0.08695652173913043, "total_refuse": 36, "total": 414, "total_mis": 53, "total_mis_rate": 0.1280193236714976}, "shuffle_3": {"same_but_not_first": 31, "total_first_token_mismatch": 85, "refuse_rate": 0.0821256038647343, "total_refuse": 34, "total": 414, "total_mis": 54, "total_mis_rate": 0.13043478260869565}, "shuffle_4": {"same_but_not_first": 27, "total_first_token_mismatch": 83, "refuse_rate": 0.07729468599033816, "total_refuse": 32, "total": 414, "total_mis": 56, "total_mis_rate": 0.13526570048309178}, "shuffle_5": {"same_but_not_first": 41, "total_first_token_mismatch": 98, "refuse_rate": 0.09178743961352658, "total_refuse": 38, "total": 414, "total_mis": 58, "total_mis_rate": 0.14009661835748793}, "shuffle_6": {"same_but_not_first": 23, "total_first_token_mismatch": 76, "refuse_rate": 0.08454106280193237, "total_refuse": 35, "total": 414, "total_mis": 53, "total_mis_rate": 0.1280193236714976}, "shuffle_7": {"same_but_not_first": 25, "total_first_token_mismatch": 75, "refuse_rate": 0.0821256038647343, "total_refuse": 34, "total": 414, "total_mis": 50, "total_mis_rate": 0.12077294685990338}, "shuffle_8": {"same_but_not_first": 31, "total_first_token_mismatch": 83, "refuse_rate": 0.08695652173913043, "total_refuse": 36, "total": 414, "total_mis": 52, "total_mis_rate": 0.12560386473429952}, "shuffle_9": {"same_but_not_first": 35, "total_first_token_mismatch": 97, "refuse_rate": 0.0748792270531401, "total_refuse": 31, "total": 414, "total_mis": 62, "total_mis_rate": 0.1497584541062802}}