{"shuffle_0": {"same_but_not_first": 199, "total_first_token_mismatch": 414, "same/total_first_token_mismatch_rate": 0.4806763285024155, "refuse_rate": 0.21014492753623187, "total_refuse": 87, "total": 414, "total_mis": 215, "total_mis_rate": 0.5193236714975845}, "shuffle_1": {"same_but_not_first": 209, "total_first_token_mismatch": 414, "same/total_first_token_mismatch_rate": 0.5048309178743962, "refuse_rate": 0.22946859903381642, "total_refuse": 95, "total": 414, "total_mis": 205, "total_mis_rate": 0.49516908212560384}, "shuffle_2": {"same_but_not_first": 210, "total_first_token_mismatch": 414, "same/total_first_token_mismatch_rate": 0.5072463768115942, "refuse_rate": 0.22705314009661837, "total_refuse": 94, "total": 414, "total_mis": 204, "total_mis_rate": 0.4927536231884058}, "shuffle_3": {"same_but_not_first": 231, "total_first_token_mismatch": 414, "same/total_first_token_mismatch_rate": 0.5579710144927537, "refuse_rate": 0.23429951690821257, "total_refuse": 97, "total": 414, "total_mis": 183, "total_mis_rate": 0.4420289855072464}, "shuffle_4": {"same_but_not_first": 191, "total_first_token_mismatch": 414, "same/total_first_token_mismatch_rate": 0.4613526570048309, "refuse_rate": 0.2246376811594203, "total_refuse": 93, "total": 414, "total_mis": 223, "total_mis_rate": 0.538647342995169}, "shuffle_5": {"same_but_not_first": 211, "total_first_token_mismatch": 414, "same/total_first_token_mismatch_rate": 0.5096618357487923, "refuse_rate": 0.23671497584541062, "total_refuse": 98, "total": 414, "total_mis": 203, "total_mis_rate": 0.49033816425120774}, "shuffle_6": {"same_but_not_first": 208, "total_first_token_mismatch": 414, "same/total_first_token_mismatch_rate": 0.5024154589371981, "refuse_rate": 0.2222222222222222, "total_refuse": 92, "total": 414, "total_mis": 206, "total_mis_rate": 0.4975845410628019}, "shuffle_7": {"same_but_not_first": 206, "total_first_token_mismatch": 414, "same/total_first_token_mismatch_rate": 0.4975845410628019, "refuse_rate": 0.2222222222222222, "total_refuse": 92, "total": 414, "total_mis": 208, "total_mis_rate": 0.5024154589371981}, "shuffle_8": {"same_but_not_first": 209, "total_first_token_mismatch": 414, "same/total_first_token_mismatch_rate": 0.5048309178743962, "refuse_rate": 0.22946859903381642, "total_refuse": 95, "total": 414, "total_mis": 205, "total_mis_rate": 0.49516908212560384}, "shuffle_9": {"same_but_not_first": 216, "total_first_token_mismatch": 414, "same/total_first_token_mismatch_rate": 0.5217391304347826, "refuse_rate": 0.2318840579710145, "total_refuse": 96, "total": 414, "total_mis": 198, "total_mis_rate": 0.4782608695652174}}