{"shuffle_0": {"same_but_not_first": 69, "total_first_token_mismatch": 147, "same/total_first_token_mismatch_rate": 0.46938775510204084, "refuse_rate": 0.09903381642512077, "total_refuse": 41, "total": 414, "total_mis": 78, "total_mis_rate": 0.18840579710144928}, "shuffle_1": {"same_but_not_first": 65, "total_first_token_mismatch": 144, "same/total_first_token_mismatch_rate": 0.4513888888888889, "refuse_rate": 0.10628019323671498, "total_refuse": 44, "total": 414, "total_mis": 79, "total_mis_rate": 0.19082125603864733}, "shuffle_2": {"same_but_not_first": 72, "total_first_token_mismatch": 147, "same/total_first_token_mismatch_rate": 0.4897959183673469, "refuse_rate": 0.10628019323671498, "total_refuse": 44, "total": 414, "total_mis": 75, "total_mis_rate": 0.18115942028985507}, "shuffle_3": {"same_but_not_first": 80, "total_first_token_mismatch": 154, "same/total_first_token_mismatch_rate": 0.5194805194805194, "refuse_rate": 0.10386473429951691, "total_refuse": 43, "total": 414, "total_mis": 74, "total_mis_rate": 0.178743961352657}, "shuffle_4": {"same_but_not_first": 73, "total_first_token_mismatch": 148, "same/total_first_token_mismatch_rate": 0.49324324324324326, "refuse_rate": 0.11352657004830918, "total_refuse": 47, "total": 414, "total_mis": 75, "total_mis_rate": 0.18115942028985507}, "shuffle_5": {"same_but_not_first": 63, "total_first_token_mismatch": 162, "same/total_first_token_mismatch_rate": 0.3888888888888889, "refuse_rate": 0.11835748792270531, "total_refuse": 49, "total": 414, "total_mis": 99, "total_mis_rate": 0.2391304347826087}, "shuffle_6": {"same_but_not_first": 78, "total_first_token_mismatch": 141, "same/total_first_token_mismatch_rate": 0.5531914893617021, "refuse_rate": 0.09903381642512077, "total_refuse": 41, "total": 414, "total_mis": 63, "total_mis_rate": 0.15217391304347827}, "shuffle_7": {"same_but_not_first": 74, "total_first_token_mismatch": 140, "same/total_first_token_mismatch_rate": 0.5285714285714286, "refuse_rate": 0.09420289855072464, "total_refuse": 39, "total": 414, "total_mis": 66, "total_mis_rate": 0.15942028985507245}, "shuffle_8": {"same_but_not_first": 67, "total_first_token_mismatch": 148, "same/total_first_token_mismatch_rate": 0.4527027027027027, "refuse_rate": 0.10628019323671498, "total_refuse": 44, "total": 414, "total_mis": 81, "total_mis_rate": 0.1956521739130435}, "shuffle_9": {"same_but_not_first": 74, "total_first_token_mismatch": 147, "same/total_first_token_mismatch_rate": 0.5034013605442177, "refuse_rate": 0.10144927536231885, "total_refuse": 42, "total": 414, "total_mis": 73, "total_mis_rate": 0.17632850241545894}}