{"shuffle_0": {"same_but_not_first": 124, "total_first_token_mismatch": 299, "refuse_rate": 0.28502415458937197, "total_refuse": 118, "total": 414, "total_mis": 175, "total_mis_rate": 0.4227053140096618}, "shuffle_1": {"same_but_not_first": 116, "total_first_token_mismatch": 286, "refuse_rate": 0.2971014492753623, "total_refuse": 123, "total": 414, "total_mis": 170, "total_mis_rate": 0.4106280193236715}, "shuffle_2": {"same_but_not_first": 134, "total_first_token_mismatch": 297, "refuse_rate": 0.2922705314009662, "total_refuse": 121, "total": 414, "total_mis": 163, "total_mis_rate": 0.39371980676328505}, "shuffle_3": {"same_but_not_first": 135, "total_first_token_mismatch": 283, "refuse_rate": 0.26570048309178745, "total_refuse": 110, "total": 414, "total_mis": 148, "total_mis_rate": 0.357487922705314}, "shuffle_4": {"same_but_not_first": 128, "total_first_token_mismatch": 298, "refuse_rate": 0.2632850241545894, "total_refuse": 109, "total": 414, "total_mis": 170, "total_mis_rate": 0.4106280193236715}, "shuffle_5": {"same_but_not_first": 126, "total_first_token_mismatch": 292, "refuse_rate": 0.30193236714975846, "total_refuse": 125, "total": 414, "total_mis": 166, "total_mis_rate": 0.40096618357487923}, "shuffle_6": {"same_but_not_first": 122, "total_first_token_mismatch": 283, "refuse_rate": 0.2777777777777778, "total_refuse": 115, "total": 414, "total_mis": 161, "total_mis_rate": 0.3888888888888889}, "shuffle_7": {"same_but_not_first": 105, "total_first_token_mismatch": 290, "refuse_rate": 0.30193236714975846, "total_refuse": 125, "total": 414, "total_mis": 185, "total_mis_rate": 0.4468599033816425}, "shuffle_8": {"same_but_not_first": 118, "total_first_token_mismatch": 282, "refuse_rate": 0.2922705314009662, "total_refuse": 121, "total": 414, "total_mis": 164, "total_mis_rate": 0.3961352657004831}, "shuffle_9": {"same_but_not_first": 106, "total_first_token_mismatch": 299, "refuse_rate": 0.3357487922705314, "total_refuse": 139, "total": 414, "total_mis": 194, "total_mis_rate": 0.46859903381642515}}