{"shuffle_0": {"same_but_not_first": 19, "total_first_token_mismatch": 52, "refuse_rate": 0.0748792270531401, "total_refuse": 31, "total": 414, "total_mis": 33, "total_mis_rate": 0.07971014492753623}, "shuffle_1": {"same_but_not_first": 18, "total_first_token_mismatch": 52, "refuse_rate": 0.0748792270531401, "total_refuse": 31, "total": 414, "total_mis": 34, "total_mis_rate": 0.0821256038647343}, "shuffle_2": {"same_but_not_first": 25, "total_first_token_mismatch": 58, "refuse_rate": 0.05314009661835749, "total_refuse": 22, "total": 414, "total_mis": 33, "total_mis_rate": 0.07971014492753623}, "shuffle_3": {"same_but_not_first": 20, "total_first_token_mismatch": 63, "refuse_rate": 0.07729468599033816, "total_refuse": 32, "total": 414, "total_mis": 43, "total_mis_rate": 0.10386473429951691}, "shuffle_4": {"same_but_not_first": 20, "total_first_token_mismatch": 61, "refuse_rate": 0.07246376811594203, "total_refuse": 30, "total": 414, "total_mis": 41, "total_mis_rate": 0.09903381642512077}, "shuffle_5": {"same_but_not_first": 16, "total_first_token_mismatch": 49, "refuse_rate": 0.05314009661835749, "total_refuse": 22, "total": 414, "total_mis": 33, "total_mis_rate": 0.07971014492753623}, "shuffle_6": {"same_but_not_first": 20, "total_first_token_mismatch": 47, "refuse_rate": 0.06038647342995169, "total_refuse": 25, "total": 414, "total_mis": 27, "total_mis_rate": 0.06521739130434782}, "shuffle_7": {"same_but_not_first": 21, "total_first_token_mismatch": 54, "refuse_rate": 0.07246376811594203, "total_refuse": 30, "total": 414, "total_mis": 33, "total_mis_rate": 0.07971014492753623}, "shuffle_8": {"same_but_not_first": 17, "total_first_token_mismatch": 54, "refuse_rate": 0.0748792270531401, "total_refuse": 31, "total": 414, "total_mis": 37, "total_mis_rate": 0.0893719806763285}, "shuffle_9": {"same_but_not_first": 17, "total_first_token_mismatch": 51, "refuse_rate": 0.0748792270531401, "total_refuse": 31, "total": 414, "total_mis": 34, "total_mis_rate": 0.0821256038647343}}