{"shuffle_0": {"same_but_not_first": 40, "total_first_token_mismatch": 118, "refuse_rate": 0.14251207729468598, "total_refuse": 59, "total": 414, "total_mis": 78, "total_mis_rate": 0.18840579710144928}, "shuffle_1": {"same_but_not_first": 48, "total_first_token_mismatch": 125, "refuse_rate": 0.13285024154589373, "total_refuse": 55, "total": 414, "total_mis": 78, "total_mis_rate": 0.18840579710144928}, "shuffle_2": {"same_but_not_first": 39, "total_first_token_mismatch": 107, "refuse_rate": 0.11835748792270531, "total_refuse": 49, "total": 414, "total_mis": 68, "total_mis_rate": 0.1642512077294686}, "shuffle_3": {"same_but_not_first": 48, "total_first_token_mismatch": 112, "refuse_rate": 0.11594202898550725, "total_refuse": 48, "total": 414, "total_mis": 64, "total_mis_rate": 0.15458937198067632}, "shuffle_4": {"same_but_not_first": 42, "total_first_token_mismatch": 139, "refuse_rate": 0.18115942028985507, "total_refuse": 75, "total": 414, "total_mis": 97, "total_mis_rate": 0.23429951690821257}, "shuffle_5": {"same_but_not_first": 47, "total_first_token_mismatch": 121, "refuse_rate": 0.14251207729468598, "total_refuse": 59, "total": 414, "total_mis": 75, "total_mis_rate": 0.18115942028985507}, "shuffle_6": {"same_but_not_first": 45, "total_first_token_mismatch": 120, "refuse_rate": 0.13285024154589373, "total_refuse": 55, "total": 414, "total_mis": 76, "total_mis_rate": 0.18357487922705315}, "shuffle_7": {"same_but_not_first": 47, "total_first_token_mismatch": 129, "refuse_rate": 0.1473429951690821, "total_refuse": 61, "total": 414, "total_mis": 83, "total_mis_rate": 0.20048309178743962}, "shuffle_8": {"same_but_not_first": 43, "total_first_token_mismatch": 111, "refuse_rate": 0.10628019323671498, "total_refuse": 44, "total": 414, "total_mis": 68, "total_mis_rate": 0.1642512077294686}, "shuffle_9": {"same_but_not_first": 47, "total_first_token_mismatch": 137, "refuse_rate": 0.1570048309178744, "total_refuse": 65, "total": 414, "total_mis": 93, "total_mis_rate": 0.2246376811594203}}