{"shuffle_0": {"same_but_not_first": 10, "total_first_token_mismatch": 66, "refuse_rate": 0.07729468599033816, "total_refuse": 32, "total": 414, "total_mis": 57, "total_mis_rate": 0.13768115942028986}, "shuffle_1": {"same_but_not_first": 18, "total_first_token_mismatch": 67, "refuse_rate": 0.08454106280193237, "total_refuse": 35, "total": 414, "total_mis": 49, "total_mis_rate": 0.11835748792270531}, "shuffle_2": {"same_but_not_first": 15, "total_first_token_mismatch": 67, "refuse_rate": 0.0821256038647343, "total_refuse": 34, "total": 414, "total_mis": 52, "total_mis_rate": 0.12560386473429952}, "shuffle_3": {"same_but_not_first": 14, "total_first_token_mismatch": 66, "refuse_rate": 0.08695652173913043, "total_refuse": 36, "total": 414, "total_mis": 52, "total_mis_rate": 0.12560386473429952}, "shuffle_4": {"same_but_not_first": 14, "total_first_token_mismatch": 66, "refuse_rate": 0.08454106280193237, "total_refuse": 35, "total": 414, "total_mis": 52, "total_mis_rate": 0.12560386473429952}, "shuffle_5": {"same_but_not_first": 10, "total_first_token_mismatch": 60, "refuse_rate": 0.07004830917874397, "total_refuse": 29, "total": 414, "total_mis": 50, "total_mis_rate": 0.12077294685990338}, "shuffle_6": {"same_but_not_first": 4, "total_first_token_mismatch": 56, "refuse_rate": 0.08695652173913043, "total_refuse": 36, "total": 414, "total_mis": 52, "total_mis_rate": 0.12560386473429952}, "shuffle_7": {"same_but_not_first": 7, "total_first_token_mismatch": 63, "refuse_rate": 0.07246376811594203, "total_refuse": 30, "total": 414, "total_mis": 56, "total_mis_rate": 0.13526570048309178}, "shuffle_8": {"same_but_not_first": 8, "total_first_token_mismatch": 66, "refuse_rate": 0.06280193236714976, "total_refuse": 26, "total": 414, "total_mis": 58, "total_mis_rate": 0.14009661835748793}, "shuffle_9": {"same_but_not_first": 14, "total_first_token_mismatch": 69, "refuse_rate": 0.08454106280193237, "total_refuse": 35, "total": 414, "total_mis": 55, "total_mis_rate": 0.13285024154589373}}