{"shuffle_0": {"same_but_not_first": 152, "total_first_token_mismatch": 414, "same/total_first_token_mismatch_rate": 0.3671497584541063, "refuse_rate": 0.3961352657004831, "total_refuse": 164, "total": 414, "total_mis": 262, "total_mis_rate": 0.6328502415458938}, "shuffle_1": {"same_but_not_first": 136, "total_first_token_mismatch": 414, "same/total_first_token_mismatch_rate": 0.3285024154589372, "refuse_rate": 0.4106280193236715, "total_refuse": 170, "total": 414, "total_mis": 278, "total_mis_rate": 0.6714975845410628}, "shuffle_2": {"same_but_not_first": 143, "total_first_token_mismatch": 414, "same/total_first_token_mismatch_rate": 0.34541062801932365, "refuse_rate": 0.4057971014492754, "total_refuse": 168, "total": 414, "total_mis": 271, "total_mis_rate": 0.6545893719806763}, "shuffle_3": {"same_but_not_first": 158, "total_first_token_mismatch": 414, "same/total_first_token_mismatch_rate": 0.38164251207729466, "refuse_rate": 0.40096618357487923, "total_refuse": 166, "total": 414, "total_mis": 256, "total_mis_rate": 0.6183574879227053}, "shuffle_4": {"same_but_not_first": 159, "total_first_token_mismatch": 414, "same/total_first_token_mismatch_rate": 0.38405797101449274, "refuse_rate": 0.41304347826086957, "total_refuse": 171, "total": 414, "total_mis": 255, "total_mis_rate": 0.6159420289855072}, "shuffle_5": {"same_but_not_first": 151, "total_first_token_mismatch": 414, "same/total_first_token_mismatch_rate": 0.3647342995169082, "refuse_rate": 0.40096618357487923, "total_refuse": 166, "total": 414, "total_mis": 263, "total_mis_rate": 0.6352657004830918}, "shuffle_6": {"same_but_not_first": 155, "total_first_token_mismatch": 414, "same/total_first_token_mismatch_rate": 0.3743961352657005, "refuse_rate": 0.3888888888888889, "total_refuse": 161, "total": 414, "total_mis": 259, "total_mis_rate": 0.6256038647342995}, "shuffle_7": {"same_but_not_first": 157, "total_first_token_mismatch": 414, "same/total_first_token_mismatch_rate": 0.37922705314009664, "refuse_rate": 0.39371980676328505, "total_refuse": 163, "total": 414, "total_mis": 257, "total_mis_rate": 0.6207729468599034}, "shuffle_8": {"same_but_not_first": 155, "total_first_token_mismatch": 414, "same/total_first_token_mismatch_rate": 0.3743961352657005, "refuse_rate": 0.41545893719806765, "total_refuse": 172, "total": 414, "total_mis": 259, "total_mis_rate": 0.6256038647342995}, "shuffle_9": {"same_but_not_first": 154, "total_first_token_mismatch": 414, "same/total_first_token_mismatch_rate": 0.3719806763285024, "refuse_rate": 0.4057971014492754, "total_refuse": 168, "total": 414, "total_mis": 260, "total_mis_rate": 0.6280193236714976}}