{"shuffle_0": {"same_but_not_first": 64, "total_first_token_mismatch": 161, "same/total_first_token_mismatch_rate": 0.39751552795031053, "refuse_rate": 0.16908212560386474, "total_refuse": 70, "total": 414, "total_mis": 97, "total_mis_rate": 0.23429951690821257}, "shuffle_1": {"same_but_not_first": 50, "total_first_token_mismatch": 136, "same/total_first_token_mismatch_rate": 0.36764705882352944, "refuse_rate": 0.15217391304347827, "total_refuse": 63, "total": 414, "total_mis": 86, "total_mis_rate": 0.20772946859903382}, "shuffle_2": {"same_but_not_first": 64, "total_first_token_mismatch": 154, "same/total_first_token_mismatch_rate": 0.4155844155844156, "refuse_rate": 0.15458937198067632, "total_refuse": 64, "total": 414, "total_mis": 90, "total_mis_rate": 0.21739130434782608}, "shuffle_3": {"same_but_not_first": 51, "total_first_token_mismatch": 150, "same/total_first_token_mismatch_rate": 0.34, "refuse_rate": 0.17149758454106281, "total_refuse": 71, "total": 414, "total_mis": 100, "total_mis_rate": 0.24154589371980675}, "shuffle_4": {"same_but_not_first": 47, "total_first_token_mismatch": 157, "same/total_first_token_mismatch_rate": 0.29936305732484075, "refuse_rate": 0.1932367149758454, "total_refuse": 80, "total": 414, "total_mis": 111, "total_mis_rate": 0.26811594202898553}, "shuffle_5": {"same_but_not_first": 49, "total_first_token_mismatch": 137, "same/total_first_token_mismatch_rate": 0.35766423357664234, "refuse_rate": 0.14009661835748793, "total_refuse": 58, "total": 414, "total_mis": 88, "total_mis_rate": 0.21256038647342995}, "shuffle_6": {"same_but_not_first": 58, "total_first_token_mismatch": 146, "same/total_first_token_mismatch_rate": 0.3972602739726027, "refuse_rate": 0.16908212560386474, "total_refuse": 70, "total": 414, "total_mis": 91, "total_mis_rate": 0.21980676328502416}, "shuffle_7": {"same_but_not_first": 47, "total_first_token_mismatch": 145, "same/total_first_token_mismatch_rate": 0.32413793103448274, "refuse_rate": 0.16666666666666666, "total_refuse": 69, "total": 414, "total_mis": 98, "total_mis_rate": 0.23671497584541062}, "shuffle_8": {"same_but_not_first": 59, "total_first_token_mismatch": 145, "same/total_first_token_mismatch_rate": 0.4068965517241379, "refuse_rate": 0.13526570048309178, "total_refuse": 56, "total": 414, "total_mis": 88, "total_mis_rate": 0.21256038647342995}, "shuffle_9": {"same_but_not_first": 55, "total_first_token_mismatch": 145, "same/total_first_token_mismatch_rate": 0.3793103448275862, "refuse_rate": 0.16183574879227053, "total_refuse": 67, "total": 414, "total_mis": 91, "total_mis_rate": 0.21980676328502416}}