{"shuffle_0": {"same_but_not_first": 186, "total_first_token_mismatch": 414, "refuse_rate": 0.4227053140096618, "total_refuse": 175, "total": 414, "total_mis": 228, "total_mis_rate": 0.5507246376811594}, "shuffle_1": {"same_but_not_first": 204, "total_first_token_mismatch": 414, "refuse_rate": 0.4106280193236715, "total_refuse": 170, "total": 414, "total_mis": 210, "total_mis_rate": 0.5072463768115942}, "shuffle_2": {"same_but_not_first": 196, "total_first_token_mismatch": 414, "refuse_rate": 0.4106280193236715, "total_refuse": 170, "total": 414, "total_mis": 218, "total_mis_rate": 0.5265700483091788}, "shuffle_3": {"same_but_not_first": 194, "total_first_token_mismatch": 414, "refuse_rate": 0.4178743961352657, "total_refuse": 173, "total": 414, "total_mis": 220, "total_mis_rate": 0.5314009661835749}, "shuffle_4": {"same_but_not_first": 198, "total_first_token_mismatch": 414, "refuse_rate": 0.4082125603864734, "total_refuse": 169, "total": 414, "total_mis": 216, "total_mis_rate": 0.5217391304347826}, "shuffle_5": {"same_but_not_first": 191, "total_first_token_mismatch": 414, "refuse_rate": 0.4251207729468599, "total_refuse": 176, "total": 414, "total_mis": 223, "total_mis_rate": 0.538647342995169}, "shuffle_6": {"same_but_not_first": 209, "total_first_token_mismatch": 414, "refuse_rate": 0.427536231884058, "total_refuse": 177, "total": 414, "total_mis": 205, "total_mis_rate": 0.49516908212560384}, "shuffle_7": {"same_but_not_first": 179, "total_first_token_mismatch": 414, "refuse_rate": 0.4106280193236715, "total_refuse": 170, "total": 414, "total_mis": 235, "total_mis_rate": 0.5676328502415459}, "shuffle_8": {"same_but_not_first": 205, "total_first_token_mismatch": 414, "refuse_rate": 0.4057971014492754, "total_refuse": 168, "total": 414, "total_mis": 209, "total_mis_rate": 0.5048309178743962}, "shuffle_9": {"same_but_not_first": 198, "total_first_token_mismatch": 414, "refuse_rate": 0.4057971014492754, "total_refuse": 168, "total": 414, "total_mis": 216, "total_mis_rate": 0.5217391304347826}}