{"shuffle_0": {"same_but_not_first": 235, "total_first_token_mismatch": 404, "same/total_first_token_mismatch_rate": 0.5816831683168316, "refuse_rate": 0.28502415458937197, "total_refuse": 118, "total": 414, "total_mis": 169, "total_mis_rate": 0.4082125603864734}, "shuffle_1": {"same_but_not_first": 239, "total_first_token_mismatch": 406, "same/total_first_token_mismatch_rate": 0.5886699507389163, "refuse_rate": 0.2898550724637681, "total_refuse": 120, "total": 414, "total_mis": 167, "total_mis_rate": 0.4033816425120773}, "shuffle_2": {"same_but_not_first": 232, "total_first_token_mismatch": 403, "same/total_first_token_mismatch_rate": 0.575682382133995, "refuse_rate": 0.28019323671497587, "total_refuse": 116, "total": 414, "total_mis": 171, "total_mis_rate": 0.41304347826086957}, "shuffle_3": {"same_but_not_first": 234, "total_first_token_mismatch": 406, "same/total_first_token_mismatch_rate": 0.5763546798029556, "refuse_rate": 0.2971014492753623, "total_refuse": 123, "total": 414, "total_mis": 172, "total_mis_rate": 0.41545893719806765}, "shuffle_4": {"same_but_not_first": 226, "total_first_token_mismatch": 405, "same/total_first_token_mismatch_rate": 0.5580246913580247, "refuse_rate": 0.2946859903381642, "total_refuse": 122, "total": 414, "total_mis": 179, "total_mis_rate": 0.4323671497584541}, "shuffle_5": {"same_but_not_first": 211, "total_first_token_mismatch": 402, "same/total_first_token_mismatch_rate": 0.5248756218905473, "refuse_rate": 0.2898550724637681, "total_refuse": 120, "total": 414, "total_mis": 191, "total_mis_rate": 0.4613526570048309}, "shuffle_6": {"same_but_not_first": 227, "total_first_token_mismatch": 405, "same/total_first_token_mismatch_rate": 0.5604938271604938, "refuse_rate": 0.2922705314009662, "total_refuse": 121, "total": 414, "total_mis": 178, "total_mis_rate": 0.42995169082125606}, "shuffle_7": {"same_but_not_first": 239, "total_first_token_mismatch": 404, "same/total_first_token_mismatch_rate": 0.5915841584158416, "refuse_rate": 0.2898550724637681, "total_refuse": 120, "total": 414, "total_mis": 165, "total_mis_rate": 0.39855072463768115}, "shuffle_8": {"same_but_not_first": 218, "total_first_token_mismatch": 404, "same/total_first_token_mismatch_rate": 0.5396039603960396, "refuse_rate": 0.2922705314009662, "total_refuse": 121, "total": 414, "total_mis": 186, "total_mis_rate": 0.4492753623188406}, "shuffle_9": {"same_but_not_first": 224, "total_first_token_mismatch": 402, "same/total_first_token_mismatch_rate": 0.5572139303482587, "refuse_rate": 0.28502415458937197, "total_refuse": 118, "total": 414, "total_mis": 178, "total_mis_rate": 0.42995169082125606}}