{"shuffle_0": {"same_but_not_first": 72, "total_first_token_mismatch": 272, "refuse_rate": 0.4082125603864734, "total_refuse": 169, "total": 414, "total_mis": 200, "total_mis_rate": 0.4830917874396135}, "shuffle_1": {"same_but_not_first": 51, "total_first_token_mismatch": 254, "refuse_rate": 0.41304347826086957, "total_refuse": 171, "total": 414, "total_mis": 203, "total_mis_rate": 0.49033816425120774}, "shuffle_2": {"same_but_not_first": 73, "total_first_token_mismatch": 275, "refuse_rate": 0.42028985507246375, "total_refuse": 174, "total": 414, "total_mis": 202, "total_mis_rate": 0.48792270531400966}, "shuffle_3": {"same_but_not_first": 69, "total_first_token_mismatch": 261, "refuse_rate": 0.4033816425120773, "total_refuse": 167, "total": 414, "total_mis": 192, "total_mis_rate": 0.463768115942029}, "shuffle_4": {"same_but_not_first": 51, "total_first_token_mismatch": 264, "refuse_rate": 0.42028985507246375, "total_refuse": 174, "total": 414, "total_mis": 213, "total_mis_rate": 0.5144927536231884}, "shuffle_5": {"same_but_not_first": 67, "total_first_token_mismatch": 260, "refuse_rate": 0.3695652173913043, "total_refuse": 153, "total": 414, "total_mis": 193, "total_mis_rate": 0.46618357487922707}, "shuffle_6": {"same_but_not_first": 51, "total_first_token_mismatch": 263, "refuse_rate": 0.43719806763285024, "total_refuse": 181, "total": 414, "total_mis": 212, "total_mis_rate": 0.5120772946859904}, "shuffle_7": {"same_but_not_first": 66, "total_first_token_mismatch": 255, "refuse_rate": 0.37922705314009664, "total_refuse": 157, "total": 414, "total_mis": 189, "total_mis_rate": 0.45652173913043476}, "shuffle_8": {"same_but_not_first": 61, "total_first_token_mismatch": 274, "refuse_rate": 0.4227053140096618, "total_refuse": 175, "total": 414, "total_mis": 214, "total_mis_rate": 0.5169082125603864}, "shuffle_9": {"same_but_not_first": 67, "total_first_token_mismatch": 263, "refuse_rate": 0.4033816425120773, "total_refuse": 167, "total": 414, "total_mis": 196, "total_mis_rate": 0.47342995169082125}}